model,alert_rate,recall
Hutton alert,0.02,0.04018073261255446
Hutton alert,0.04,0.05244473132160723
Hutton alert,0.06,0.07003388736485396
Hutton alert,0.08,0.07834436017427787
Hutton alert,0.1,0.10722930450217848
Hutton alert,0.12000000000000001,0.15289656285299338
Hutton alert,0.13999999999999999,0.19493303211231242
Hutton alert,0.16,0.21373245118605777
Hutton alert,0.18,0.23172502823947072
Hutton alert,0.19999999999999998,0.24205260609972568
Hutton alert,0.22,0.27376149749878975
Hutton alert,0.24,0.3023237050185574
Hutton alert,0.26,0.3547684363401646
Hutton alert,0.28,0.3880910117798935
Hutton alert,0.30000000000000004,0.4422301113441988
Hutton alert,0.32,0.4584476359528804
Hutton alert,0.34,0.48588026464418266
Hutton alert,0.36000000000000004,0.5062126835565596
Hutton alert,0.38,0.5430853638857511
Hutton alert,0.4,0.5883492012263999
Hutton alert,0.42000000000000004,0.6064224624818461
Hutton alert,0.44,0.628771986445054
Hutton alert,0.46,0.6601581410359851
Hutton alert,0.48000000000000004,0.6904954010004841
Hutton alert,0.5,0.7087300306599967
Hutton alert,0.52,0.7536711311925125
Hutton alert,0.54,0.7695659189930611
Hutton alert,0.56,0.7809423914797483
Hutton alert,0.5800000000000001,0.801516862998225
Hutton alert,0.6,0.8259641762142972
Hutton alert,0.62,0.8450863320961756
Hutton alert,0.64,0.8487978053897047
Hutton alert,0.66,0.8507342262385025
Hutton alert,0.68,0.8599322252702921
Hutton alert,0.7000000000000001,0.8784089075359045
Hutton alert,0.7200000000000001,0.8814749072131677
Hutton alert,0.74,0.8842181700822979
Hutton alert,0.76,0.8857511699209295
Hutton alert,0.78,0.8964014845893175
Hutton alert,0.8,0.909633693722769
Hutton alert,0.8200000000000001,0.9172180087138938
Hutton alert,0.8400000000000001,0.9207681136033564
Hutton alert,0.86,0.9336775859286751
Hutton alert,0.88,0.9445699532031628
Hutton alert,0.9,0.9501371631434565
Hutton alert,0.92,0.954978215265451
Hutton alert,0.9400000000000001,0.9680490559948363
Hutton alert,0.9600000000000001,0.9821687913506535
Hutton alert,0.98,0.9918508955946426
Hutton alert,1.0,1.0
Hutton alert,0.6069177666071465,
Hutton days in last 14 d,0.02,0.052283362917540745
Hutton days in last 14 d,0.04,0.10505083104728094
Hutton days in last 14 d,0.06,0.1635468775213813
Hutton days in last 14 d,0.08,0.1971921897692432
Hutton days in last 14 d,0.1,0.24189123769565918
Hutton days in last 14 d,0.12000000000000001,0.2703727610133936
Hutton days in last 14 d,0.13999999999999999,0.31289333548491205
Hutton days in last 14 d,0.16,0.34452154268194285
Hutton days in last 14 d,0.18,0.3704211715346135
Hutton days in last 14 d,0.19999999999999998,0.41302243020816526
Hutton days in last 14 d,0.22,0.43706632241407134
Hutton days in last 14 d,0.24,0.46530579312570597
Hutton days in last 14 d,0.26,0.494674842665806
Hutton days in last 14 d,0.28,0.5202517347103437
Hutton days in last 14 d,0.30000000000000004,0.5488139422301114
Hutton days in last 14 d,0.32,0.5696304663546877
Hutton days in last 14 d,0.34,0.5977892528642892
Hutton days in last 14 d,0.36000000000000004,0.6202194610295304
Hutton days in last 14 d,0.38,0.6466838792964338
Hutton days in last 14 d,0.4,0.6654026141681458
Hutton days in last 14 d,0.42000000000000004,0.6832338228174923
Hutton days in last 14 d,0.44,0.7058253993868001
Hutton days in last 14 d,0.46,0.7316443440374375
Hutton days in last 14 d,0.48000000000000004,0.7538324995965789
Hutton days in last 14 d,0.5,0.7712602872357592
Hutton days in last 14 d,0.52,0.785864127803776
Hutton days in last 14 d,0.54,0.8011134419880588
Hutton days in last 14 d,0.56,0.8225754397289011
Hutton days in last 14 d,0.5800000000000001,0.8439567532677101
Hutton days in last 14 d,0.6,0.8538002259157657
Hutton days in last 14 d,0.62,0.8647732773922866
Hutton days in last 14 d,0.64,0.8805066967887688
Hutton days in last 14 d,0.66,0.8934161691140875
Hutton days in last 14 d,0.68,0.9101984831370018
Hutton days in last 14 d,0.7000000000000001,0.9199612715830241
Hutton days in last 14 d,0.7200000000000001,0.9310150072615782
Hutton days in last 14 d,0.74,0.9333548491205422
Hutton days in last 14 d,0.76,0.9427949007584315
Hutton days in last 14 d,0.78,0.9540100048410521
Hutton days in last 14 d,0.8,0.9636921090850411
Hutton days in last 14 d,0.8200000000000001,0.9709536872680329
Hutton days in last 14 d,0.8400000000000001,0.9713571082781991
Hutton days in last 14 d,0.86,0.9757947393900275
Hutton days in last 14 d,0.88,0.9772470550266258
Hutton days in last 14 d,0.9,0.9807164757140552
Hutton days in last 14 d,0.92,0.9850734226238502
Hutton days in last 14 d,0.9400000000000001,0.9882201065031467
Hutton days in last 14 d,0.9600000000000001,0.9903178957560109
Hutton days in last 14 d,0.98,0.9941907374536065
Hutton days in last 14 d,1.0,1.0
Hutton days in last 14 d,,
Week-of-year climatology,0.02,0.02509278683233823
Week-of-year climatology,0.04,0.05518799419073745
Week-of-year climatology,0.06,0.08713893819590124
Week-of-year climatology,0.08,0.11126351460384057
Week-of-year climatology,0.1,0.13796998547684364
Week-of-year climatology,0.12000000000000001,0.16862998224947556
Week-of-year climatology,0.13999999999999999,0.2357592383411328
Week-of-year climatology,0.16,0.2928029691786348
Week-of-year climatology,0.18,0.3416975956107794
Week-of-year climatology,0.19999999999999998,0.3942230111344199
Week-of-year climatology,0.22,0.44271421655639825
Week-of-year climatology,0.24,0.47837663385509116
Week-of-year climatology,0.26,0.512344682911086
Week-of-year climatology,0.28,0.5430046796837179
Week-of-year climatology,0.30000000000000004,0.5800387284169759
Week-of-year climatology,0.32,0.6085202517347104
Week-of-year climatology,0.34,0.6470873003066
Week-of-year climatology,0.36000000000000004,0.6730676133613038
Week-of-year climatology,0.38,0.6982410843956753
Week-of-year climatology,0.4,0.7328546070679361
Week-of-year climatology,0.42000000000000004,0.7485880264644182
Week-of-year climatology,0.44,0.7740035501048894
Week-of-year climatology,0.46,0.8027271260287235
Week-of-year climatology,0.48000000000000004,0.8187832822333387
Week-of-year climatology,0.5,0.8334678070033887
Week-of-year climatology,0.52,0.8495239632080038
Week-of-year climatology,0.54,0.8654994352105858
Week-of-year climatology,0.56,0.8695336453122479
Week-of-year climatology,0.5800000000000001,0.8820396966274003
Week-of-year climatology,0.6,0.8951912215588188
Week-of-year climatology,0.62,0.9081006938841375
Week-of-year climatology,0.64,0.9139906406325642
Week-of-year climatology,0.66,0.925286428917218
Week-of-year climatology,0.68,0.9301274810392125
Week-of-year climatology,0.7000000000000001,0.9363401645957722
Week-of-year climatology,0.7200000000000001,0.9446506374051961
Week-of-year climatology,0.74,0.9532838470227529
Week-of-year climatology,0.76,0.9557043730837502
Week-of-year climatology,0.78,0.9563498467000161
Week-of-year climatology,0.8,0.9631273196708084
Week-of-year climatology,0.8200000000000001,0.9655478457318057
Week-of-year climatology,0.8400000000000001,0.9725673713086977
Week-of-year climatology,0.86,0.9764402130062934
Week-of-year climatology,0.88,0.9774084234306922
Week-of-year climatology,0.9,0.9828142649669195
Week-of-year climatology,0.92,0.9860416330482491
Week-of-year climatology,0.9400000000000001,0.9928997902210747
Week-of-year climatology,0.9600000000000001,0.9947555268678393
Week-of-year climatology,0.98,0.9972567371308698
Week-of-year climatology,1.0,1.0
Week-of-year climatology,,
"Reports within 100 km, 28 d",0.02,0.10279167339035017
"Reports within 100 km, 28 d",0.04,0.18976924318218494
"Reports within 100 km, 28 d",0.06,0.24866871066645152
"Reports within 100 km, 28 d",0.08,0.31466838792964336
"Reports within 100 km, 28 d",0.1,0.37356785541390997
"Reports within 100 km, 28 d",0.12000000000000001,0.4137485880264644
"Reports within 100 km, 28 d",0.13999999999999999,0.45578505728578345
"Reports within 100 km, 28 d",0.16,0.4874939486848475
"Reports within 100 km, 28 d",0.18,0.525334839438438
"Reports within 100 km, 28 d",0.19999999999999998,0.5582539938680007
"Reports within 100 km, 28 d",0.22,0.594400516378893
"Reports within 100 km, 28 d",0.24,0.6156204615136356
"Reports within 100 km, 28 d",0.26,0.6486203001452315
"Reports within 100 km, 28 d",0.28,0.6674197192189769
"Reports within 100 km, 28 d",0.30000000000000004,0.691463611424883
"Reports within 100 km, 28 d",0.32,0.718492819106019
"Reports within 100 km, 28 d",0.34,0.7456027109891883
"Reports within 100 km, 28 d",0.36000000000000004,0.7627077618202356
"Reports within 100 km, 28 d",0.38,0.774164918508956
"Reports within 100 km, 28 d",0.4,0.7827174439244796
"Reports within 100 km, 28 d",0.42000000000000004,0.8025657576246571
"Reports within 100 km, 28 d",0.44,0.8156365983540422
"Reports within 100 km, 28 d",0.46,0.8334678070033887
"Reports within 100 km, 28 d",0.48000000000000004,0.8510569630466355
"Reports within 100 km, 28 d",0.5,0.8588026464418267
"Reports within 100 km, 28 d",0.52,0.8636436985638212
"Reports within 100 km, 28 d",0.54,0.8663062772309181
"Reports within 100 km, 28 d",0.56,0.8668710666451509
"Reports within 100 km, 28 d",0.5800000000000001,0.8771986445054059
"Reports within 100 km, 28 d",0.6,0.8869614329514282
"Reports within 100 km, 28 d",0.62,0.8930127481039213
"Reports within 100 km, 28 d",0.64,0.8938195901242537
"Reports within 100 km, 28 d",0.66,0.8962401161852509
"Reports within 100 km, 28 d",0.68,0.8993061158625141
"Reports within 100 km, 28 d",0.7000000000000001,0.9039857995804421
"Reports within 100 km, 28 d",0.7200000000000001,0.9168145877037276
"Reports within 100 km, 28 d",0.74,0.9242375342907858
"Reports within 100 km, 28 d",0.76,0.9301274810392125
"Reports within 100 km, 28 d",0.78,0.9341616911408747
"Reports within 100 km, 28 d",0.8,0.9373890592222043
"Reports within 100 km, 28 d",0.8200000000000001,0.9441665321929966
"Reports within 100 km, 28 d",0.8400000000000001,0.9515087945780216
"Reports within 100 km, 28 d",0.86,0.9600613199935453
"Reports within 100 km, 28 d",0.88,0.9665967403582378
"Reports within 100 km, 28 d",0.9,0.9724866871066645
"Reports within 100 km, 28 d",0.92,0.9789414232693239
"Reports within 100 km, 28 d",0.9400000000000001,0.9860416330482491
"Reports within 100 km, 28 d",0.9600000000000001,0.9912054219783767
"Reports within 100 km, 28 d",0.98,0.9931418428271744
"Reports within 100 km, 28 d",1.0,1.0
"Reports within 100 km, 28 d",,
Model: calendar + reports,0.02,0.18613845409068905
Model: calendar + reports,0.04,0.27779570760045186
Model: calendar + reports,0.06,0.35065354203646926
Model: calendar + reports,0.08,0.4061642730353397
Model: calendar + reports,0.1,0.45780216233661447
Model: calendar + reports,0.12000000000000001,0.5053251573341939
Model: calendar + reports,0.13999999999999999,0.5459093109569146
Model: calendar + reports,0.16,0.5877844118121672
Model: calendar + reports,0.18,0.6198967242213974
Model: calendar + reports,0.19999999999999998,0.6496691947716637
Model: calendar + reports,0.22,0.6786348233015975
Model: calendar + reports,0.24,0.7007422946587059
Model: calendar + reports,0.26,0.726157818299177
Model: calendar + reports,0.28,0.7464902372115539
Model: calendar + reports,0.30000000000000004,0.7648055510730999
Model: calendar + reports,0.32,0.7790059706309505
Model: calendar + reports,0.34,0.7919961271583024
Model: calendar + reports,0.36000000000000004,0.8017589156043247
Model: calendar + reports,0.38,0.8143456511215104
Model: calendar + reports,0.4,0.8253993868000645
Model: calendar + reports,0.42000000000000004,0.8369372276908181
Model: calendar + reports,0.44,0.8472648055510731
Model: calendar + reports,0.46,0.8576730676133613
Model: calendar + reports,0.48000000000000004,0.8703404873325803
Model: calendar + reports,0.5,0.8789736969501372
Model: calendar + reports,0.52,0.887606906567694
Model: calendar + reports,0.54,0.8939002743262869
Model: calendar + reports,0.56,0.9001129578828465
Model: calendar + reports,0.5800000000000001,0.905276746812974
Model: calendar + reports,0.6,0.9111666935614007
Model: calendar + reports,0.62,0.9162497982894949
Model: calendar + reports,0.64,0.9233500080684202
Model: calendar + reports,0.66,0.9271421655639825
Model: calendar + reports,0.68,0.9310956914636114
Model: calendar + reports,0.7000000000000001,0.9357753751815394
Model: calendar + reports,0.7200000000000001,0.9410198483137002
Model: calendar + reports,0.74,0.9460222688397611
Model: calendar + reports,0.76,0.9511860577698886
Model: calendar + reports,0.78,0.9561077940939164
Model: calendar + reports,0.8,0.9589317411650798
Model: calendar + reports,0.8200000000000001,0.9628045828626755
Model: calendar + reports,0.8400000000000001,0.9662740035501048
Model: calendar + reports,0.86,0.969985476843634
Model: calendar + reports,0.88,0.9733742133290302
Model: calendar + reports,0.9,0.977327739228659
Model: calendar + reports,0.92,0.9849120542197838
Model: calendar + reports,0.9400000000000001,0.9909633693722769
Model: calendar + reports,0.9600000000000001,0.9938680006454736
Model: calendar + reports,0.98,0.9974181055349363
Model: calendar + reports,1.0,1.0
Model: calendar + reports,,
Model: weather,0.02,0.07931257059867677
Model: weather,0.04,0.14321445860900436
Model: weather,0.06,0.2070356624172987
Model: weather,0.08,0.2652089720832661
Model: weather,0.1,0.31305470388897855
Model: weather,0.12000000000000001,0.36146522510892365
Model: weather,0.13999999999999999,0.40188801032757787
Model: weather,0.16,0.44037437469743423
Model: weather,0.18,0.4788607390672906
Model: weather,0.19999999999999998,0.5121026303049863
Model: weather,0.22,0.5438922059060836
Model: weather,0.24,0.5731805712441504
Model: weather,0.26,0.6029530417944167
Model: weather,0.28,0.6345005647894142
Model: weather,0.30000000000000004,0.6640309827335807
Model: weather,0.32,0.6919477166370824
Model: weather,0.34,0.7180087138938196
Model: weather,0.36000000000000004,0.7422139745037921
Model: weather,0.38,0.7651282878812329
Model: weather,0.4,0.7872357592383411
Model: weather,0.42000000000000004,0.8076488623527514
Model: weather,0.44,0.8260448604163305
Model: weather,0.46,0.841858964014846
Model: weather,0.48000000000000004,0.8548491205421979
Model: weather,0.5,0.8681620138776828
Model: weather,0.52,0.878247539131838
Model: weather,0.54,0.8887364853961595
Model: weather,0.56,0.8968049055994837
Model: weather,0.5800000000000001,0.9055187994190738
Model: weather,0.6,0.912941746006132
Model: weather,0.62,0.9178634823301598
Model: weather,0.64,0.9250443763111182
Model: weather,0.66,0.9309343230595449
Model: weather,0.68,0.9370663224140713
Model: weather,0.7000000000000001,0.9433596901726642
Model: weather,0.7200000000000001,0.950298531547523
Model: weather,0.74,0.9564305309020493
Model: weather,0.76,0.9637727932870744
Model: weather,0.78,0.9710343714700662
Model: weather,0.8,0.9766015814103598
Model: weather,0.8200000000000001,0.9819267387445538
Model: weather,0.8400000000000001,0.9857995804421494
Model: weather,0.86,0.9891883169275456
Model: weather,0.88,0.992012263998709
Model: weather,0.9,0.9939486848475069
Model: weather,0.92,0.995320316282072
Model: weather,0.9400000000000001,0.9968533161207036
Model: weather,0.9600000000000001,0.9983863159593351
Model: weather,0.98,0.9987897369695014
Model: weather,1.0,1.0
Model: weather,,
Model: all,0.02,0.26238502501210265
Model: all,0.04,0.39769243182184927
Model: all,0.06,0.4808778441181217
Model: all,0.08,0.5448604163304825
Model: all,0.1,0.5901242536711312
Model: all,0.12000000000000001,0.6332096175568823
Model: all,0.13999999999999999,0.6655639825722124
Model: all,0.16,0.6965467161529773
Model: all,0.18,0.7237372922381797
Model: all,0.19999999999999998,0.749152815878651
Model: all,0.22,0.7697272873971276
Model: all,0.24,0.7904631273196708
Model: all,0.26,0.8079715991608843
Model: all,0.28,0.8250766499919315
Model: all,0.30000000000000004,0.8402452799741811
Model: all,0.32,0.8547684363401646
Model: all,0.34,0.8660642246248185
Model: all,0.36000000000000004,0.8780054865257383
Model: all,0.38,0.8888978538002259
Model: all,0.4,0.8972083266096498
Model: all,0.42000000000000004,0.9057608520251734
Model: all,0.44,0.9131031144101985
Model: all,0.46,0.9214135872196224
Model: all,0.48000000000000004,0.9278683233822818
Model: all,0.5,0.9334355333225755
Model: all,0.52,0.937631111828304
Model: all,0.54,0.9427142165563983
Model: all,0.56,0.9477973212844925
Model: all,0.5800000000000001,0.952315636598354
Model: all,0.6,0.9564305309020493
Model: all,0.62,0.9610295304179441
Model: all,0.64,0.9643375827013071
Model: all,0.66,0.96764563498467
Model: all,0.68,0.9699047926416008
Model: all,0.7000000000000001,0.9735355817330966
Model: all,0.7200000000000001,0.974987897369695
Model: all,0.74,0.977327739228659
Model: all,0.76,0.9807164757140552
Model: all,0.78,0.9831370017750525
Model: all,0.8,0.9864450540584153
Model: all,0.8200000000000001,0.9874939486848475
Model: all,0.8400000000000001,0.9901565273519445
Model: all,0.86,0.9908826851702437
Model: all,0.88,0.9932225270292077
Model: all,0.9,0.9941100532515733
Model: all,0.92,0.995965789898338
Model: all,0.9400000000000001,0.9967726319186703
Model: all,0.9600000000000001,0.9978215265451025
Model: all,0.98,0.9992738421817008
Model: all,1.0,1.0
Model: all,,
