outcode,n,hutton_auc,best_auc,alert_share
AB21,14,0.6822645626993453,0.905111633372503,0.5660303856641995
AB23,14,0.6463544289631247,0.7632756980583068,0.5660303856641995
AB30,77,0.5869266842045064,0.7761637881733959,0.545631067961165
AB39,28,0.5183409052667003,0.7923397274103988,0.5351456310679612
AB41,126,0.6405503209067323,0.7756985492544689,0.5660303856641995
AB42,34,0.7093367548361627,0.8740101251712686,0.4986365407089988
AB43,21,0.7684458398744113,0.7731554160125588,0.4674970805760997
AB45,75,0.7189333333333333,0.9165973333333333,0.4815533980582524
AB51,21,0.7248168498168498,0.7803506017791731,0.5064227325807708
AB53,123,0.6514459740845369,0.8078621732383718,0.5001941747572816
AB54,21,0.6983443338181003,0.921038893239363,0.46368932038834954
AB55,14,0.6008116249233,0.8386511965192168,0.44233009708737864
AL5,14,0.6649746192893401,0.8837089306632454,0.6718446601941748
B79,35,0.7390607424071991,0.7767716535433071,0.49980582524271844
BA22,21,0.6532889584964761,0.7790767050751388,0.6959223300970874
BS3,49,0.5641814920742644,0.7010155606185468,0.7720388349514563
CB22,35,0.684251968503937,0.8036614173228347,0.636504854368932
CB23,36,0.6831429696730996,0.8131974530655113,0.6388349514563106
CB24,56,0.6752679634775705,0.7957912720467306,0.6570873786407767
CB6,14,0.6645841468176494,0.9554582473364199,0.672621359223301
CB7,35,0.5488188976377952,0.6094769403824523,0.7036893203883495
CB8,14,0.6647793830534947,0.8823283315669103,0.6722330097087379
CM3,49,0.6989189975277522,0.7770291014267939,0.38524271844660196
CO6,14,0.4899174429631282,0.6117587995760584,0.6629126213592234
CO7,30,0.5087753765553372,0.8400196463654226,0.6493203883495146
CO9,14,0.6708317063647014,0.8213448987560663,0.6601941747572816
CT12,35,0.532335565183143,0.5437911438699151,0.7362082362082362
CT13,14,0.4171595982142857,0.6119698660714286,0.7362082362082362
CT14,21,0.3929270885792625,0.561085930651148,0.7362082362082362
CT3,139,0.5635811679198736,0.846412479872365,0.7358197358197358
CT7,133,0.6232254129793965,0.8142847902221756,0.7362082362082362
CT9,25,0.27240486465280506,0.4383915260886622,0.7307692307692307
CV10,12,0.23741708934841982,0.8441604890102744,0.5227184466019418
CV23,14,0.7385786802030456,0.8276482400847883,0.5254368932038835
CW5,14,0.7530261616556033,0.8334774362693145,0.4966990291262136
CW6,21,0.4105977551553119,0.6305235484953574,0.5106796116504855
CW7,14,0.23975009761811794,0.6134322530261616,0.5176699029126214
CW8,42,0.40886958810369783,0.7034619216814242,0.512621359223301
DD10,155,0.6245867768595041,0.7622340709144229,0.5658252427184466
DD11,138,0.6485001754354665,0.8368167680624193,0.5957281553398058
DD2,186,0.6647053925473834,0.7699323062243167,0.5922330097087378
DD3,42,0.7027240426371891,0.8994510555900213,0.6011650485436894
DD4,16,0.7028135990621336,0.968469128565846,0.5968932038834951
DD5,21,0.6567662303762538,0.7153018607599656,0.5937864077669903
DD6,21,0.7055599060297573,0.9247585486818064,0.5922330097087378
DD8,228,0.643589427339119,0.8585250674620083,0.589126213592233
DD9,139,0.686221958393876,0.8309204852866475,0.5829126213592233
DE13,14,0.3668070508172031,0.5971997545601606,0.4792233009708738
DE6,13,0.7527322404371585,0.8384825556956704,0.4970873786407767
DE73,80,0.588251503006012,0.8591307615230461,0.45398058252427187
DG12,21,0.6756342584709688,0.7039843350927976,0.6040189125295509
DG5,14,0.5883045525902668,0.5148295581969051,0.6814988290398126
DG9,28,0.6536796536796536,0.747252206667791,0.6959906578435189
DL6,33,0.4934017595307918,0.9206303793243211,0.46757281553398056
DL7,14,0.7341021922240196,0.8593183466279912,0.4629126213592233
DN10,28,0.7173144876325088,0.9273304728251726,0.5700970873786407
DN11,14,0.4665169855525185,0.2559547051932839,0.5666019417475728
DN14,42,0.7244374259771023,0.7850986031996692,0.5584466019417476
DN17,35,0.6985095613048369,0.8331664791901012,0.5798058252427184
DN21,14,0.7083170636470129,0.991367769286551,0.585631067961165
DN22,14,0.4708121827411168,0.7036453394321415,0.5580582524271844
DN36,14,0.6907458024209293,0.9627935516260391,0.6205825242718447
DY10,21,0.6859361598985718,0.8830033187903196,0.5359223300970873
DY11,21,0.5635604280866613,0.6244266696498489,0.5405825242718446
DY7,28,0.6223428122721408,0.7224676089517079,0.5436893203883495
EH10,14,0.4315975902270319,0.8791208791208791,0.49320388349514566
EH22,14,0.7467786021085514,0.9759719975456015,0.509126213592233
EH32,22,0.7395221308264787,0.8843161343161343,0.5250485436893204
EH34,14,0.736626317844592,0.9479555977017906,0.5293203883495146
EH39,49,0.7302058590657166,0.9489351560101476,0.5483495145631068
EH41,39,0.7064173339804254,0.859763002507482,0.5421359223300971
EH42,14,0.7303787582975401,0.8007335304289619,0.541747572815534
GU1,28,0.6070236693028213,0.6938204610466094,0.6097087378640776
GU29,30,0.6666011787819253,0.7245776031434183,0.6706796116504854
HD6,14,0.7368215540804373,0.7590087577397222,0.5289320388349514
HR1,35,0.6112767154105736,0.7800000000000001,0.6947572815533981
HR2,35,0.6350393700787402,0.8167604049493813,0.7335922330097088
HR4,14,0.6665365091761031,0.9541752663580074,0.6687378640776699
HR6,14,0.7118313158922296,0.8919785797958387,0.5786407766990291
HR8,14,0.6747364310816087,0.8389440508729848,0.6524271844660194
HR9,35,0.5425196850393701,0.54429696287964,0.716116504854369
HU12,14,0.7042171026942601,0.9888994254476489,0.5937864077669903
HX7,14,0.5906453952139231,0.7140486417136164,0.5339805825242718
IP10,46,0.5917659497653309,0.7542592879123902,0.6675728155339806
IP11,21,0.6677760375880971,0.7506152813513816,0.6671844660194175
IP12,191,0.5753155855792544,0.6630294897923328,0.6877669902912621
IP13,14,0.4821079935293133,0.6657695096781392,0.6784466019417476
IP14,21,0.5697971436029384,0.9087892008800388,0.6710679611650485
IP22,14,0.4237602499023819,0.5804512746137112,0.6516504854368932
IP24,89,0.5614406971173402,0.677628427056686,0.6341747572815534
IP26,70,0.6482035928143712,0.8393584260051326,0.6116504854368932
IP27,21,0.7145653876272513,0.6948018048252974,0.574368932038835
IP28,35,0.5523622047244094,0.9186051743532059,0.6966990291262136
IP30,42,0.6640347414133438,0.9095416690165999,0.6772815533980583
IP31,77,0.608291828267809,0.847779522319154,0.673009708737864
IP9,35,0.6542182227221598,0.8939426321709787,0.6671844660194175
IV12,63,0.7729659538974826,0.8025351329491457,0.4198058252427184
IV2,28,0.7079266924673285,0.7852024791070727,0.41009708737864076
IV30,66,0.7169885382320617,0.7479316883461962,0.42563106796116507
IV32,28,0.7948566941499804,0.896082225587526,0.4166990291262136
IV36,21,0.7830853563038371,0.7943095797441921,0.43844660194174756
IV8,21,0.4544505351083268,0.6384662713950107,0.4236893203883495
KA26,14,0.4139921722113503,0.6413754542913056,0.6710782405605293
KA6,116,0.5520246144762923,0.6624594093087984,0.4437524328532503
KA9,18,0.4725706694542446,0.5658347489002135,0.4433631763332036
KY1,35,0.731496062992126,0.8160067491563554,0.5433009708737864
KY10,93,0.6955953835356503,0.7975423045930702,0.5906796116504854
KY12,21,0.7068836931796995,0.8536655852630793,0.494368932038835
KY13,21,0.5452325017712645,0.7549595405899242,0.5293203883495146
KY14,63,0.6348068951572137,0.8386064351430593,0.578252427184466
KY15,140,0.6644983866236434,0.8490026400704018,0.581747572815534
KY16,79,0.5890006288542682,0.8930820959104186,0.5996116504854369
KY6,28,0.6031115037298782,0.8043426440069549,0.5460194174757281
KY7,14,0.7247169074580242,0.6095833100909243,0.553009708737864
KY8,71,0.6747457588984386,0.8535104396346127,0.5615533980582524
L39,94,0.6749358957867023,0.8521036472939018,0.6097087378640776
L40,120,0.6565003394433129,0.7724049558723693,0.618252427184466
LE67,14,0.7684498242873877,0.8303257656049534,0.46601941747572817
LL33,154,0.5951656769500635,0.7457139102120515,0.756116504854369
LL53,165,0.5914434804476298,0.7581126618885955,0.7864077669902912
LL54,14,0.6073799297149551,0.6353823841133486,0.7864077669902912
LL55,72,0.6098681582101478,0.8505238158654059,0.7864077669902912
LL56,32,0.576496755800236,0.7981407294534015,0.7864077669902912
LL57,186,0.6018005914203541,0.7300541910278742,0.7627184466019418
LL65,14,0.6073799297149551,0.6816394265632844,0.7864077669902912
LL74,14,0.6073799297149551,0.8763178445919563,0.7864077669902912
LL77,34,0.5039065212862004,0.5448295020487535,0.7864077669902912
LN1,50,0.722970297029703,0.8498217821782178,0.5627184466019417
LN13,14,0.4106794221007419,0.8202850449043343,0.6776699029126214
LN4,34,0.7029249716415492,0.9256603467833414,0.5700970873786407
LN6,49,0.659480181621342,0.725782474509994,0.5646601941747573
LS24,14,0.7432643498633347,0.9671445305963072,0.5161165048543689
NG34,14,0.7174931667317455,0.8753974451943995,0.5673786407766991
NP12,35,0.5381046119235097,0.7741563554555682,0.7533980582524272
NR10,76,0.6382447715928476,0.8528727280385838,0.6264077669902912
NR11,103,0.6067961165048543,0.7495110283721369,0.6299029126213592
NR12,68,0.5825394776977404,0.82160832023276,0.6333980582524272
NR14,63,0.6192561419472247,0.9028788797897078,0.6244660194174757
NR17,21,0.5889827348323824,0.6877633590632808,0.6330097087378641
NR18,21,0.6844166014095536,0.8673509341089607,0.6341747572815534
NR21,42,0.4289004192280939,0.8454589889647135,0.6636893203883495
NR24,14,0.6485887209237463,0.7130166787527193,0.6330097087378641
NR28,42,0.5305914312033538,0.9133297614347753,0.6302912621359223
NR29,14,0.4368410777040218,0.923816031684052,0.6256310679611651
NR4,62,0.4950707931658601,0.6959552263712566,0.6225242718446602
NR9,79,0.49482209509899383,0.7920799862057774,0.6302912621359223
OX44,14,0.46378367825068334,0.9590422268087242,0.5720388349514564
PE10,21,0.5796602901144796,0.5747566841928627,0.6038834951456311
PE11,49,0.6892319873317498,0.8636870425129671,0.6287378640776699
PE12,96,0.613969846712384,0.7190252285867957,0.7180582524271845
PE13,35,0.6523622047244094,0.8112654668166479,0.6994174757281554
PE14,21,0.32367528060558604,0.896297124958049,0.6831067961165048
PE15,35,0.5457536557930258,0.5710573678290214,0.6811650485436893
PE16,14,0.4262983209683717,0.5043091426340157,0.6466019417475728
PE20,62,0.650392154345789,0.8915574496489224,0.6419417475728155
PE22,105,0.5736842105263158,0.782943898207056,0.6586407766990291
PE23,49,0.6761678543151227,0.8767350170471989,0.654368932038835
PE31,52,0.6383197658465197,0.7748025854446782,0.6904854368932039
PE32,49,0.6112713493948648,0.7224699856189506,0.6388349514563106
PE33,28,0.6800157047506871,0.6842854338437377,0.643883495145631
PE34,13,0.32051282051282054,0.9026301567285174,0.6648543689320389
PE37,43,0.5996867996620008,0.8094667327969434,0.6411650485436893
PE38,14,0.6665365091761031,0.9784124504936688,0.6687378640776699
PE6,40,0.617430966469428,0.814620315581854,0.5937864077669903
PE7,14,0.6925029285435377,0.5922909577731913,0.6170873786407767
PH1,96,0.662756739948904,0.8137668918918919,0.5720388349514564
PH10,56,0.6413542789088641,0.7639511143877957,0.5805825242718446
PH11,28,0.6180169947837792,0.8165138257894441,0.5879611650485437
PH12,62,0.6518651399817722,0.8961978357701244,0.5906796116504854
PH13,81,0.6898234775807617,0.7648529309849812,0.5829126213592233
PH2,97,0.6723330254694924,0.6991899852724595,0.5755339805825243
PL14,36,0.5795588814493895,0.701451796420288,0.8431067961165049
PL30,21,0.5736100234925607,0.6647462430547787,0.8539805825242719
PO18,19,0.6545383411580594,0.8835351289020674,0.6932038834951456
PO20,28,0.6478209658421672,0.8325410847495655,0.7075728155339805
PR26,28,0.6780596219642157,0.7292122384878569,0.6120388349514563
PR3,35,0.48307086614173234,0.7425759280089989,0.6333980582524272
PR4,139,0.5977720286824728,0.7785820604600064,0.6279611650485437
PR8,14,0.4393791487700117,0.8267557315780667,0.6205825242718447
PR9,14,0.5088553578401294,0.8135493947676689,0.625242718446602
RH18,14,0.6062364031907179,0.7056953199085179,0.6458252427184467
S10,18,0.7364098552991787,0.7807000391083301,0.5304854368932039
SA33,21,0.6055207517619421,0.7210165193720401,0.7906796116504854
SA46,14,0.5896134322530262,0.9933898588720923,0.821747572815534
SA48,193,0.5814332885240339,0.821829742063751,0.818252427184466
SA62,55,0.5918650793650794,0.7509559884559884,0.8201941747572815
SA71,62,0.5444238347688792,0.8552719407468261,0.8003883495145631
SA73,33,0.44506234651789334,0.76270176191498,0.8054368932038835
SK17,14,0.738188207731355,0.9629051151893792,0.5262135922330097
SS16,14,0.5594633792603336,0.9327271713058515,0.31029126213592234
ST18,14,0.728816868410777,0.9391141853070788,0.5448543689320389
ST20,21,0.5698251109370922,0.6398926054368497,0.5281553398058253
SY11,21,0.7490211433046202,0.5522895924227169,0.5060194174757282
SY13,21,0.6158779878435321,0.9229127046276615,0.5320388349514563
SY21,14,0.7426786411557985,0.4131198750488091,0.5172815533980583
SY23,95,0.5565046689303905,0.6925382003395586,0.8174757281553398
SY25,14,0.5894181960171807,0.8071484353210242,0.8221359223300971
SY4,157,0.5676455248059933,0.7640454025804344,0.541747572815534
SY5,62,0.7091928423809096,0.7862084900453127,0.5433009708737864
SY7,14,0.7270597422881686,0.7867601941206003,0.5483495145631068
TA13,14,0.6401796173369778,0.9086852234060356,0.7211650485436893
TA19,41,0.5472693322039772,0.8660894758118851,0.7118446601941748
TA3,14,0.6311987504880906,0.6388408545768952,0.7390291262135922
TA7,20,0.6317025440313111,0.7564090019569472,0.7386407766990292
TD10,14,0.7180788754392815,0.6621018575333296,0.5662135922330097
TD11,28,0.537172583992372,0.7724423691738178,0.5693203883495146
TD12,21,0.6131606488749346,0.8029546983628616,0.5850525496302063
TD14,41,0.7054449727606984,0.7936165707355575,0.5712621359223301
TD3,14,0.7194455290901991,0.8964411223294473,0.563495145631068
TD5,17,0.7172805642633229,0.961817720818735,0.5683145192681978
TD6,49,0.6134353741496599,0.7893059604794298,0.573374854028805
TF1,21,0.44607897975165,0.610797255472275,0.5355339805825243
TF10,177,0.6376511970898535,0.7339873623499809,0.5289320388349514
TF11,107,0.6222772989593905,0.8062300246898619,0.56
TF5,21,0.5112428683297908,0.6966569713241602,0.549126213592233
TF6,139,0.6188822341141864,0.7735156702224428,0.5448543689320389
TF8,14,0.47549785240140563,0.9453477994087132,0.5487378640776699
TF9,119,0.5707921605124134,0.688945610817617,0.545631067961165
TN10,14,0.5307497071456463,0.6621297484241647,0.4388349514563107
TN29,21,0.47275049408957004,0.5665995450646978,0.5778640776699029
TN6,14,0.6464411223294473,0.7074663914765438,0.6372815533980583
TQ13,14,0.6110894181960171,0.8394460869080158,0.7790291262135922
TQ7,21,0.5861393891934221,0.6603740164820822,0.829126213592233
TR11,21,0.5691072826938136,0.6931703769996643,0.8629126213592233
TR12,83,0.545958220678781,0.7596987709972769,0.8749028749028749
TR13,21,0.4927844277883432,0.7592758324943133,0.8714563106796116
TR14,14,0.4539660846767445,0.6759078484966811,0.8772815533980582
TR2,20,0.5649706457925636,0.6763502935420744,0.8710679611650486
TR20,49,0.5595803642121933,0.5293438040299255,0.8831067961165049
TR3,21,0.471128388708655,0.5426595070291234,0.8667961165048543
WA11,70,0.5918733960650129,0.8232135728542915,0.5355339805825243
WA13,14,0.4889691526747365,0.7874435209460591,0.5219417475728155
WA4,28,0.6741544674406865,0.8392436479892311,0.512621359223301
WA6,21,0.6293862102397733,0.5412238505425663,0.505242718446602
WA7,49,0.36552103026483757,0.6173832953608998,0.5087378640776699
WN8,42,0.6102494689150828,0.8064970954824883,0.592621359223301
WS13,28,0.48027791799876607,0.8756169723484211,0.5033009708737864
WS14,28,0.583298278086264,0.8316086151775197,0.5137864077669902
WS15,77,0.58414783775072,0.6616669959344099,0.5250485436893204
WV15,35,0.6373172103487065,0.939673790776153,0.5576699029126213
WV16,28,0.7177071063996858,0.8773977788995457,0.5693203883495146
WV5,14,0.6187454677302393,0.6910247113292798,0.5495145631067961
WV6,35,0.7128796400449944,0.8172947131608548,0.5514563106796116
WV8,28,0.7241853160581075,0.8634738347635874,0.556504854368932
YO17,28,0.4900863761287789,0.8028773346794548,0.5196116504854369
YO19,21,0.6133329604355446,0.7485363761792891,0.5370873786407767
YO25,38,0.6191678941144743,0.8860859282617264,0.5809708737864078
YO41,54,0.6629350492896704,0.8920218314307962,0.5328155339805826
YO42,32,0.7235548564687377,0.8610831203303185,0.5584466019417476
YO43,53,0.6643686502177069,0.925358729968728,0.5836893203883495
YO60,35,0.422525309336333,0.8846119235095613,0.5242718446601942
YO61,35,0.645472440944882,0.7784701912260967,0.5130097087378641
YO62,49,0.571582077011327,0.7918747071275066,0.512621359223301
YO7,35,0.7363892013498313,0.8300843644544432,0.47650485436893203
YO8,35,0.6925759280089988,0.8874015748031496,0.534368932038835
