outcode,lat,lon,n_reports,n_crop_reports,country,elev
AB12,57.1019,-2.11296,2,0.0,Scotland,77.0
AB14,57.1006,-2.27167,1,0.0,Scotland,63.0
AB15,57.1377,-2.16936,1,0.0,Scotland,93.0
AB21,57.2082,-2.20072,2,1.0,Scotland,60.0
AB23,57.2124,-2.08879,2,0.0,Scotland,61.0
AB30,56.8463,-2.4781,23,19.0,Scotland,52.0
AB31,57.073,-2.52201,4,0.0,Scotland,97.0
AB32,57.155,-2.31763,1,1.0,Scotland,115.0
AB38,57.4859,-3.2266,1,0.0,Scotland,164.0
AB39,56.9814,-2.21541,11,10.0,Scotland,104.0
AB41,57.3738,-2.10493,28,10.0,Scotland,52.0
AB42,57.5011,-1.89298,7,6.0,Scotland,46.0
AB43,57.6572,-2.04412,4,2.0,Scotland,29.0
AB45,57.6518,-2.56816,29,26.0,Scotland,75.0
AB51,57.2879,-2.40361,11,11.0,Scotland,91.0
AB52,57.3441,-2.60978,1,1.0,Scotland,127.0
AB53,57.5251,-2.39364,38,31.0,Scotland,73.0
AB54,57.4541,-2.76173,5,3.0,Scotland,135.0
AB55,57.525,-2.98838,2,2.0,Scotland,131.0
AB56,57.6744,-2.92883,1,1.0,Scotland,36.0
AL5,51.8158,-0.352348,2,0.0,England,115.0
B76,52.5435,-1.78163,1,1.0,England,110.0
B77,52.6187,-1.66828,2,1.0,England,69.0
B79,52.6505,-1.68044,7,3.0,England,80.0
B97,52.2996,-1.95483,1,0.0,England,158.0
BA21,50.9521,-2.63389,2,2.0,England,95.0
BA22,50.9699,-2.63905,5,5.0,England,28.0
BD20,53.8984,-1.95004,1,0.0,England,94.0
BN2,50.8253,-0.1011,1,0.0,England,91.0
BS3,51.4387,-2.60328,8,1.0,England,28.0
BT22,54.5343,-5.56085,2,2.0,Northern Ireland,8.0
BT23,54.5241,-5.69068,4,3.0,Northern Ireland,12.0
BT30,54.3351,-5.70224,2,2.0,Northern Ireland,26.0
BT34,54.1527,-6.1758,2,2.0,Northern Ireland,261.0
BT46,54.8653,-6.66356,1,1.0,Northern Ireland,81.0
BT49,55.1786,-6.95165,1,1.0,Northern Ireland,5.0
BT54,55.1697,-6.3432,1,1.0,Northern Ireland,98.0
BT57,55.18,-6.53399,1,1.0,Northern Ireland,48.0
BT62,54.412,-6.46627,1,0.0,Northern Ireland,29.0
BT71,54.513,-6.70455,1,1.0,Northern Ireland,49.0
CA10,54.6131,-2.65926,1,1.0,England,142.0
CA11,54.6646,-2.78427,1,1.0,England,163.0
CA4,54.8478,-2.83178,5,5.0,England,69.0
CA6,54.9933,-2.89504,4,4.0,England,29.0
CB2,52.1853,0.12303,3,2.0,England,15.0
CB22,52.1288,0.135538,5,5.0,England,16.0
CB23,52.2154,-0.0334279,6,1.0,England,67.0
CB24,52.279,0.0804257,13,2.0,England,5.0
CB25,52.2614,0.252878,1,1.0,England,0.0
CB3,52.2131,0.0980877,1,0.0,England,20.0
CB4,52.2231,0.129784,2,1.0,England,14.0
CB6,52.4061,0.223508,5,5.0,England,-1.0
CB7,52.3602,0.326726,14,10.0,England,2.0
CB8,52.2305,0.428477,2,2.0,England,85.0
CF5,51.4832,-3.24529,1,0.0,Wales,35.0
CH1,53.2026,-2.90988,1,0.0,England,12.0
CH2,53.218,-2.86898,1,1.0,England,39.0
CH3,53.1646,-2.81968,1,0.0,England,34.0
CH8,53.2829,-3.24622,1,0.0,Wales,154.0
CM17,51.7735,0.146311,1,1.0,England,74.0
CM3,51.7217,0.584178,8,5.0,England,108.0
CM8,51.8061,0.637159,1,1.0,England,27.0
CM9,51.7401,0.699407,2,2.0,England,5.0
CO12,51.9311,1.25237,1,1.0,England,22.0
CO15,51.7964,1.15487,1,1.0,England,15.0
CO16,51.8223,1.12386,1,1.0,England,24.0
CO3,51.8847,0.8555,1,1.0,England,38.0
CO4,51.9093,0.919238,2,2.0,England,49.0
CO5,51.8155,0.817919,1,1.0,England,18.0
CO6,51.9252,0.791185,2,2.0,England,55.0
CO7,51.8826,1.00542,21,20.0,England,27.0
CO9,51.9689,0.609661,2,0.0,England,45.0
CT10,51.3631,1.42914,1,1.0,England,39.0
CT12,51.3434,1.368,11,10.0,England,49.0
CT13,51.2662,1.32671,4,3.0,England,7.0
CT14,51.2167,1.38527,4,0.0,England,9.0
CT18,51.1157,1.14935,1,0.0,England,159.0
CT3,51.2765,1.2106,50,41.0,England,3.0
CT4,51.2235,1.06492,1,1.0,England,118.0
CT6,51.3642,1.1295,6,3.0,England,7.0
CT7,51.37,1.2957,48,33.0,England,17.0
CT9,51.3828,1.38918,7,6.0,England,27.0
CV10,52.5261,-1.5026,2,2.0,England,97.0
CV11,52.5202,-1.45248,1,1.0,England,83.0
CV21,52.3769,-1.25056,1,1.0,England,98.0
CV22,52.3587,-1.27782,4,1.0,England,99.0
CV23,52.3679,-1.27878,2,1.0,England,105.0
CV3,52.3911,-1.47806,1,1.0,England,92.0
CV33,52.2506,-1.4893,1,1.0,England,65.0
CV35,52.2219,-1.5932,1,0.0,England,47.0
CV37,52.1815,-1.71611,1,1.0,England,35.0
CV8,52.3519,-1.54196,2,1.0,England,87.0
CV9,52.5865,-1.56185,1,1.0,England,79.0
CW12,53.1664,-2.21417,1,1.0,England,79.0
CW5,53.0621,-2.52255,2,2.0,England,39.0
CW6,53.1623,-2.66694,6,4.0,England,107.0
CW7,53.1901,-2.52885,2,2.0,England,39.0
CW8,53.2532,-2.56496,7,6.0,England,41.0
CW9,53.2585,-2.50163,1,1.0,England,23.0
DD10,56.7496,-2.42594,42,34.0,Scotland,0.0
DD11,56.5736,-2.59911,44,32.0,Scotland,32.0
DD2,56.4704,-3.03187,46,25.0,Scotland,84.0
DD3,56.4832,-2.98994,9,5.0,Scotland,94.0
DD4,56.4822,-2.93554,11,11.0,Scotland,48.0
DD5,56.4801,-2.85798,7,5.0,Scotland,35.0
DD6,56.4359,-2.92754,14,11.0,Scotland,71.0
DD7,56.5029,-2.71989,5,4.0,Scotland,26.0
DD8,56.6559,-2.92238,96,75.0,Scotland,61.0
DD9,56.7481,-2.66832,44,43.0,Scotland,90.0
DE12,52.7231,-1.55363,1,1.0,England,94.0
DE13,52.8069,-1.69382,4,3.0,England,100.0
DE56,53.0225,-1.47531,1,1.0,England,97.0
DE6,52.9906,-1.71648,2,2.0,England,145.0
DE72,52.893,-1.3585,1,0.0,England,35.0
DE73,52.8473,-1.43789,28,28.0,England,35.0
DG1,55.0737,-3.58175,1,0.0,Scotland,17.0
DG12,54.99,-3.25107,3,3.0,Scotland,32.0
DG16,54.9971,-3.0687,1,1.0,Scotland,20.0
DG2,55.0647,-3.65923,1,1.0,Scotland,9.0
DG5,54.9213,-3.81109,2,0.0,Scotland,43.0
DG9,54.8775,-5.02293,7,5.0,Scotland,65.0
DL10,54.4141,-1.69094,2,2.0,England,97.0
DL11,54.4395,-1.87642,1,1.0,England,344.0
DL4,54.6302,-1.64436,1,0.0,England,137.0
DL6,54.3708,-1.39195,12,6.0,England,60.0
DL7,54.3377,-1.48622,3,3.0,England,39.0
DL8,54.2926,-1.78392,1,1.0,England,120.0
DN10,53.4243,-0.933735,8,7.0,England,1.0
DN11,53.4487,-1.08178,2,2.0,England,8.0
DN14,53.7093,-0.940798,8,5.0,England,1.0
DN17,53.5728,-0.705999,10,10.0,England,1.0
DN21,53.4193,-0.703304,3,3.0,England,17.0
DN22,53.3241,-0.928476,9,3.0,England,16.0
DN36,53.5115,-0.0401773,2,1.0,England,8.0
DN4,53.5051,-1.12132,1,0.0,England,7.0
DN5,53.5385,-1.17443,1,0.0,England,21.0
DN6,53.598,-1.17844,1,0.0,England,6.0
DN7,53.583,-1.01335,1,1.0,England,3.0
DN8,53.6153,-0.955229,1,1.0,England,3.0
DN9,53.5059,-0.894508,2,2.0,England,0.0
DT7,50.7294,-2.94743,1,1.0,England,93.0
DY10,52.3868,-2.22386,3,3.0,England,52.0
DY11,52.3844,-2.26226,3,3.0,England,47.0
DY14,52.3805,-2.46844,1,1.0,England,120.0
DY3,52.5309,-2.13123,1,0.0,England,160.0
DY6,52.4986,-2.16416,1,1.0,England,82.0
DY7,52.4664,-2.23142,6,6.0,England,79.0
DY8,52.4608,-2.15573,1,1.0,England,66.0
E10,51.5678,-0.0143473,1,0.0,England,13.0
EH10,55.9198,-3.21111,2,0.0,Scotland,105.0
EH12,55.9422,-3.2805,2,2.0,Scotland,52.0
EH18,55.8769,-3.12244,1,1.0,Scotland,67.0
EH21,55.9381,-3.04538,3,2.0,Scotland,22.0
EH22,55.8853,-3.06096,2,2.0,Scotland,69.0
EH29,55.957,-3.40404,1,1.0,Scotland,54.0
EH30,55.9852,-3.39661,1,1.0,Scotland,46.0
EH32,55.9672,-2.94908,7,5.0,Scotland,10.0
EH33,55.9412,-2.94541,1,1.0,Scotland,97.0
EH34,55.9082,-2.88125,2,2.0,Scotland,80.0
EH35,55.9106,-2.94453,1,1.0,Scotland,90.0
EH36,55.8554,-2.85429,1,1.0,Scotland,186.0
EH37,55.8614,-2.95993,1,1.0,Scotland,180.0
EH39,56.047,-2.73434,20,15.0,Scotland,48.0
EH40,55.9895,-2.66107,3,3.0,Scotland,25.0
EH41,55.9486,-2.77795,10,9.0,Scotland,53.0
EH42,55.9937,-2.52533,9,7.0,Scotland,14.0
EH46,55.7411,-3.35521,1,0.0,Scotland,251.0
EN5,51.65,-0.197734,1,1.0,England,125.0
EX38,50.9439,-4.15253,1,0.0,England,72.0
EX5,50.756,-3.43344,1,1.0,England,23.0
FK16,56.1912,-4.06095,1,0.0,Scotland,45.0
FY6,53.8679,-2.98121,1,1.0,England,17.0
GL18,51.9407,-2.41453,4,4.0,England,53.0
GL3,51.8631,-2.17705,1,0.0,England,58.0
GU1,51.2431,-0.564838,4,0.0,England,57.0
GU11,51.2494,-0.763364,1,0.0,England,95.0
GU23,51.2939,-0.506374,1,0.0,England,26.0
GU28,50.9911,-0.633024,2,2.0,England,78.0
GU29,50.9848,-0.747855,6,6.0,England,48.0
GU31,50.9971,-0.903453,1,1.0,England,47.0
GU4,51.2433,-0.540004,1,0.0,England,81.0
HD6,53.7022,-1.78462,2,0.0,England,74.0
HG3,54.0297,-1.61689,1,1.0,England,63.0
HG4,54.157,-1.5663,1,1.0,England,89.0
HR1,52.0604,-2.67684,14,10.0,England,47.0
HR2,52.0094,-2.78547,7,7.0,England,92.0
HR4,52.0905,-2.77142,4,4.0,England,80.0
HR6,52.2335,-2.77321,2,2.0,England,75.0
HR7,52.1854,-2.52369,1,1.0,England,162.0
HR8,52.0447,-2.44508,4,3.0,England,69.0
HR9,51.908,-2.5822,10,5.0,England,57.0
HU11,53.8282,-0.221394,2,2.0,England,22.0
HU12,53.7248,-0.12829,3,2.0,England,12.0
HU15,53.7614,-0.645484,1,1.0,England,3.0
HU17,53.8465,-0.427198,2,2.0,England,10.0
HX7,53.7392,-2.00848,2,1.0,England,130.0
IP10,52.0189,1.2701,10,10.0,England,26.0
IP11,51.9679,1.34098,3,2.0,England,22.0
IP12,52.0934,1.37015,52,46.0,England,30.0
IP13,52.1897,1.32076,5,3.0,England,35.0
IP14,52.2063,1.03023,6,1.0,England,57.0
IP17,52.231,1.50228,4,1.0,England,31.0
IP19,52.3475,1.5099,1,0.0,England,35.0
IP20,52.4063,1.31907,1,1.0,England,35.0
IP21,52.3647,1.23698,1,1.0,England,19.0
IP22,52.3757,1.05159,7,2.0,England,30.0
IP24,52.4208,0.759291,18,11.0,England,23.0
IP25,52.5863,0.839005,3,2.0,England,55.0
IP26,52.5079,0.572743,18,15.0,England,39.0
IP27,52.4302,0.581387,4,3.0,England,15.0
IP28,52.3307,0.527502,12,11.0,England,13.0
IP30,52.2101,0.849178,6,5.0,England,61.0
IP31,52.291,0.835313,14,13.0,England,30.0
IP5,52.0618,1.24622,1,0.0,England,34.0
IP6,52.1328,1.10943,1,1.0,England,55.0
IP8,52.063,1.07965,1,0.0,England,47.0
IP9,51.9887,1.1471,14,14.0,England,28.0
IV11,57.6773,-4.0388,1,1.0,Scotland,29.0
IV12,57.5744,-3.8645,15,14.0,Scotland,8.0
IV2,57.4684,-4.18515,10,10.0,Scotland,37.0
IV30,57.6523,-3.3251,17,12.0,Scotland,25.0
IV32,57.6305,-3.10483,4,3.0,Scotland,25.0
IV36,57.6095,-3.60816,4,4.0,Scotland,24.0
IV6,57.5256,-4.45858,1,1.0,Scotland,42.0
IV63,57.3058,-4.53169,1,0.0,Scotland,321.0
IV8,57.5541,-4.26585,3,1.0,Scotland,52.0
KA26,55.2168,-4.8361,3,3.0,Scotland,216.0
KA5,55.5104,-4.38866,1,0.0,Scotland,119.0
KA6,55.4158,-4.50353,29,20.0,Scotland,164.0
KA7,55.4469,-4.63085,2,1.0,Scotland,18.0
KA9,55.4977,-4.60479,6,3.0,Scotland,12.0
KY1,56.1294,-3.13683,12,11.0,Scotland,76.0
KY10,56.2306,-2.70086,25,21.0,Scotland,24.0
KY12,56.0772,-3.49625,6,4.0,Scotland,123.0
KY13,56.2087,-3.4342,10,8.0,Scotland,124.0
KY14,56.3107,-3.24199,25,23.0,Scotland,130.0
KY15,56.299,-3.05508,62,44.0,Scotland,56.0
KY16,56.3426,-2.82341,35,27.0,Scotland,24.0
KY2,56.124,-3.1847,1,1.0,Scotland,73.0
KY6,56.1974,-3.20062,4,2.0,Scotland,117.0
KY7,56.1978,-3.15808,10,6.0,Scotland,76.0
KY8,56.1973,-3.01251,32,22.0,Scotland,18.0
KY9,56.2092,-2.8357,1,1.0,Scotland,18.0
L23,53.4914,-3.02328,1,1.0,England,16.0
L31,53.5133,-2.93754,1,1.0,England,20.0
L39,53.5616,-2.89666,17,13.0,England,57.0
L40,53.6028,-2.84231,24,21.0,England,16.0
LA2,54.0661,-2.67036,1,1.0,England,204.0
LD7,52.3042,-3.14295,1,0.0,Wales,239.0
LE10,52.5369,-1.37031,1,0.0,England,119.0
LE4,52.6647,-1.12502,1,0.0,England,53.0
LE67,52.7152,-1.36221,3,2.0,England,152.0
LL18,53.3103,-3.47589,1,0.0,Wales,11.0
LL25,53.0542,-3.87878,1,0.0,Wales,137.0
LL29,53.2891,-3.70851,1,1.0,Wales,43.0
LL30,53.318,-3.8161,1,1.0,Wales,4.0
LL33,53.2507,-3.97903,36,18.0,Wales,23.0
LL53,52.8843,-4.49249,31,26.0,Wales,18.0
LL54,53.0581,-4.28744,4,4.0,Wales,103.0
LL55,53.1341,-4.20418,18,11.0,Wales,135.0
LL56,53.1844,-4.20593,5,0.0,Wales,42.0
LL57,53.2067,-4.112,39,14.0,Wales,62.0
LL61,53.1957,-4.2634,2,1.0,Wales,27.0
LL65,53.301,-4.57058,2,1.0,Wales,0.0
LL66,53.3797,-4.40835,3,0.0,Wales,81.0
LL74,53.3192,-4.22939,2,2.0,Wales,52.0
LL75,53.285,-4.21671,1,0.0,Wales,29.0
LL76,53.3008,-4.23919,4,4.0,Wales,53.0
LL77,53.2606,-4.31201,5,2.0,Wales,50.0
LN1,53.2615,-0.593954,9,3.0,England,4.0
LN11,53.373,0.0260309,1,0.0,England,23.0
LN13,53.2651,0.183494,2,1.0,England,9.0
LN2,53.2577,-0.5055,1,0.0,England,35.0
LN4,53.1487,-0.380889,10,9.0,England,17.0
LN6,53.1997,-0.601083,8,4.0,England,19.0
LN8,53.3747,-0.325596,1,1.0,England,35.0
LN9,53.2172,-0.111953,2,1.0,England,31.0
LS17,53.8601,-1.52757,1,1.0,England,142.0
LS22,53.932,-1.39584,1,1.0,England,49.0
LS23,53.9007,-1.34808,1,1.0,England,27.0
LS24,53.8682,-1.25257,3,3.0,England,11.0
LS25,53.7861,-1.32507,2,2.0,England,61.0
LS4,53.8105,-1.58474,1,1.0,England,67.0
ME13,51.3042,0.894484,1,1.0,England,28.0
ME14,51.279,0.543564,1,0.0,England,55.0
ME18,51.2417,0.415434,1,1.0,England,11.0
MK44,52.1974,-0.423448,1,1.0,England,64.0
NE43,54.9481,-1.90582,1,1.0,England,39.0
NE71,55.5554,-2.04353,2,1.0,England,58.0
NG20,53.2098,-1.18628,1,1.0,England,77.0
NG22,53.1823,-0.978998,2,2.0,England,85.0
NG23,53.1339,-0.903511,1,0.0,England,31.0
NG3,52.9697,-1.12733,1,0.0,England,77.0
NG32,52.9511,-0.65145,1,1.0,England,98.0
NG33,52.8162,-0.579703,1,1.0,England,90.0
NG34,52.9873,-0.393595,3,1.0,England,10.0
NN8,52.3038,-0.699486,1,1.0,England,82.0
NP12,51.6691,-3.19796,5,2.0,Wales,194.0
NP15,51.7264,-2.88663,4,3.0,Wales,75.0
NP7,51.8294,-3.01154,1,1.0,Wales,83.0
NR10,52.7358,1.24089,17,16.0,England,23.0
NR11,52.8412,1.27345,23,20.0,England,33.0
NR12,52.7597,1.4719,18,13.0,England,6.0
NR14,52.5625,1.37626,12,11.0,England,39.0
NR16,52.4734,1.05316,1,0.0,England,44.0
NR17,52.5158,0.994878,6,4.0,England,32.0
NR18,52.5708,1.10949,3,3.0,England,38.0
NR2,52.6292,1.27995,1,1.0,England,24.0
NR20,52.7223,0.9814,3,3.0,England,45.0
NR21,52.8417,0.852226,9,6.0,England,54.0
NR23,52.9489,0.858054,1,1.0,England,20.0
NR24,52.8588,1.05035,2,0.0,England,58.0
NR26,52.9387,1.20861,1,1.0,England,34.0
NR27,52.9243,1.29971,1,1.0,England,49.0
NR28,52.8225,1.39754,11,10.0,England,28.0
NR29,52.6942,1.63659,4,3.0,England,8.0
NR32,52.4899,1.73139,1,1.0,England,28.0
NR34,52.4386,1.58385,3,2.0,England,29.0
NR4,52.6115,1.2542,15,12.0,England,31.0
NR9,52.6337,1.11094,16,12.0,England,18.0
OX27,51.9357,-1.15,3,2.0,England,96.0
OX29,51.7939,-1.43726,1,1.0,England,95.0
OX33,51.7585,-1.14009,1,1.0,England,85.0
OX44,51.6965,-1.12092,6,4.0,England,53.0
PE10,52.774,-0.377587,9,9.0,England,13.0
PE11,52.8066,-0.167004,11,10.0,England,3.0
PE12,52.7855,0.0253137,32,28.0,England,2.0
PE13,52.6699,0.136974,7,4.0,England,2.0
PE14,52.6403,0.207761,4,3.0,England,4.0
PE15,52.5375,0.0857756,6,4.0,England,6.0
PE16,52.4551,0.0489462,4,4.0,England,9.0
PE20,52.9311,-0.103392,21,20.0,England,2.0
PE21,52.9744,-0.0238668,1,0.0,England,5.0
PE22,53.0506,0.0430678,18,15.0,England,1.0
PE23,53.1728,0.0891666,10,9.0,England,51.0
PE26,52.4532,-0.116895,6,6.0,England,6.0
PE29,52.3321,-0.178951,2,2.0,England,12.0
PE30,52.7597,0.416422,1,1.0,England,6.0
PE31,52.8823,0.573294,10,10.0,England,44.0
PE32,52.7278,0.635701,7,5.0,England,77.0
PE33,52.6453,0.466542,5,2.0,England,28.0
PE34,52.7256,0.336757,8,8.0,England,1.0
PE36,52.9396,0.509042,1,1.0,England,19.0
PE37,52.6411,0.69968,8,8.0,England,56.0
PE38,52.5885,0.375317,3,3.0,England,18.0
PE6,52.6581,-0.250531,8,4.0,England,1.0
PE7,52.5367,-0.208774,10,8.0,England,0.0
PE8,52.5228,-0.453906,2,1.0,England,17.0
PH1,56.4225,-3.48014,34,30.0,Scotland,28.0
PH10,56.6063,-3.35872,11,5.0,Scotland,148.0
PH11,56.6379,-3.2344,6,1.0,Scotland,283.0
PH12,56.5758,-3.15501,21,19.0,Scotland,53.0
PH13,56.5373,-3.2749,31,25.0,Scotland,50.0
PH14,56.4529,-3.18088,4,3.0,Scotland,9.0
PH2,56.3874,-3.40333,39,31.0,Scotland,116.0
PH7,56.3729,-3.82796,3,3.0,Scotland,85.0
PH9,56.649,-3.69392,1,1.0,Scotland,59.0
PL1,50.3706,-4.15487,2,2.0,England,4.0
PL12,50.4195,-4.25013,1,1.0,England,56.0
PL13,50.3587,-4.47483,1,0.0,England,100.0
PL14,50.464,-4.4658,11,6.0,England,142.0
PL22,50.4036,-4.65198,1,1.0,England,56.0
PL24,50.3554,-4.71116,1,1.0,England,6.0
PL30,50.5023,-4.72873,4,4.0,England,79.0
PL31,50.4691,-4.72281,1,1.0,England,134.0
PO12,50.7979,-1.14171,1,0.0,England,7.0
PO18,50.8648,-0.815708,3,3.0,England,32.0
PO20,50.7866,-0.78162,7,3.0,England,7.0
PR2,53.7787,-2.70687,1,1.0,England,35.0
PR26,53.689,-2.74008,4,4.0,England,18.0
PR3,53.8669,-2.71944,5,3.0,England,50.0
PR4,53.7558,-2.83262,26,17.0,England,4.0
PR8,53.6262,-3.0098,2,1.0,England,11.0
PR9,53.6598,-2.96833,3,2.0,England,7.0
RG14,51.3998,-1.32305,1,1.0,England,82.0
RH18,51.0929,0.0357374,2,0.0,England,78.0
RH8,51.2512,0.00227702,1,0.0,England,133.0
S10,53.3767,-1.51839,3,3.0,England,221.0
S41,53.2474,-1.42837,1,1.0,England,93.0
S80,53.2924,-1.15299,3,3.0,England,44.0
S81,53.3396,-1.12389,3,2.0,England,33.0
SA10,51.6875,-3.80088,1,1.0,Wales,197.0
SA32,51.8879,-4.16974,1,0.0,Wales,59.0
SA33,51.8494,-4.44089,3,0.0,Wales,82.0
SA44,52.0873,-4.37306,3,3.0,Wales,227.0
SA46,52.2378,-4.25732,2,2.0,Wales,12.0
SA48,52.145,-4.1135,49,39.0,Wales,177.0
SA62,51.8412,-5.06464,25,25.0,Wales,78.0
SA67,51.7831,-4.73282,1,1.0,Wales,133.0
SA70,51.6726,-4.74254,1,1.0,Wales,19.0
SA71,51.6681,-4.92925,21,16.0,Wales,58.0
SA73,51.7175,-5.01188,7,6.0,Wales,40.0
SG8,52.0645,-0.0146894,4,3.0,England,45.0
SK17,53.2445,-1.88153,2,2.0,England,314.0
SK5,53.4352,-2.15247,1,0.0,England,81.0
SM5,51.3687,-0.168875,1,0.0,England,35.0
SN7,51.648,-1.56568,1,1.0,England,91.0
SO23,51.0688,-1.30867,1,0.0,England,41.0
SP5,51.0215,-1.77058,1,0.0,England,104.0
SS16,51.5626,0.452018,2,0.0,England,49.0
ST18,52.8149,-2.07964,3,3.0,England,89.0
ST19,52.7088,-2.1475,5,5.0,England,90.0
ST20,52.7983,-2.2768,4,2.0,England,104.0
ST21,52.8728,-2.27012,1,1.0,England,92.0
ST5,53.0153,-2.23971,1,0.0,England,121.0
SY10,52.8398,-3.12267,1,1.0,England,333.0
SY11,52.8703,-3.03071,3,0.0,England,113.0
SY12,52.9029,-2.89494,1,1.0,England,88.0
SY13,52.952,-2.68975,3,3.0,England,106.0
SY16,52.5205,-3.31196,1,1.0,Wales,125.0
SY18,52.4417,-3.54936,1,1.0,Wales,168.0
SY2,52.7051,-2.72911,2,1.0,England,68.0
SY20,52.615,-3.81852,1,1.0,Wales,214.0
SY21,52.6582,-3.20691,2,1.0,Wales,231.0
SY23,52.3794,-4.05181,19,12.0,Wales,164.0
SY25,52.2239,-3.98427,2,1.0,Wales,202.0
SY4,52.7981,-2.75456,34,23.0,England,115.0
SY5,52.6516,-2.83339,10,8.0,England,124.0
SY7,52.4251,-2.88623,4,3.0,England,135.0
SY8,52.3649,-2.69532,1,1.0,England,114.0
TA12,50.9749,-2.77364,2,2.0,England,15.0
TA13,50.947,-2.81066,4,4.0,England,42.0
TA14,50.9468,-2.7517,2,2.0,England,44.0
TA18,50.8829,-2.78725,1,1.0,England,56.0
TA19,50.9352,-2.91553,15,13.0,England,46.0
TA3,50.9936,-3.03727,2,0.0,England,81.0
TA4,51.0734,-3.26906,3,3.0,England,122.0
TA7,51.1315,-2.91031,3,3.0,England,3.0
TD10,55.7116,-2.45167,2,2.0,Scotland,174.0
TD11,55.7874,-2.31259,10,8.0,Scotland,120.0
TD12,55.6526,-2.24082,6,5.0,Scotland,17.0
TD13,55.9297,-2.37041,2,2.0,Scotland,108.0
TD14,55.8671,-2.12456,8,7.0,Scotland,94.0
TD15,55.7473,-2.01482,3,3.0,England,77.0
TD3,55.7018,-2.57382,2,1.0,Scotland,177.0
TD4,55.6424,-2.67204,1,0.0,Scotland,131.0
TD5,55.5882,-2.41738,8,8.0,Scotland,82.0
TD6,55.5819,-2.69363,12,8.0,Scotland,162.0
TD8,55.4759,-2.54221,1,1.0,Scotland,136.0
TF1,52.7033,-2.50332,4,2.0,England,96.0
TF10,52.7694,-2.38699,45,34.0,England,66.0
TF11,52.6651,-2.35831,25,23.0,England,93.0
TF13,52.5783,-2.58332,1,1.0,England,263.0
TF5,52.7172,-2.53923,3,1.0,England,71.0
TF6,52.7364,-2.55659,41,34.0,England,51.0
TF7,52.6391,-2.45061,1,1.0,England,124.0
TF8,52.6294,-2.48248,2,2.0,England,119.0
TF9,52.897,-2.47009,21,17.0,England,100.0
TN10,51.212,0.284091,2,2.0,England,39.0
TN26,51.0956,0.79764,2,2.0,England,41.0
TN28,50.983,0.950604,2,2.0,England,4.0
TN29,50.9942,0.932011,4,4.0,England,3.0
TN6,51.052,0.175569,2,1.0,England,179.0
TN9,51.1916,0.274496,1,1.0,England,23.0
TQ12,50.5294,-3.61241,1,0.0,England,8.0
TQ13,50.5947,-3.71743,3,3.0,England,124.0
TQ7,50.2827,-3.78454,3,3.0,England,27.0
TR1,50.2627,-5.05442,1,1.0,England,8.0
TR10,50.1677,-5.11909,1,0.0,England,76.0
TR11,50.1499,-5.0878,5,3.0,England,40.0
TR12,50.0424,-5.1795,26,14.0,England,105.0
TR13,50.1096,-5.28664,5,2.0,England,35.0
TR14,50.2108,-5.29676,4,4.0,England,108.0
TR18,50.1174,-5.54246,5,4.0,England,27.0
TR19,50.1001,-5.63167,1,1.0,England,152.0
TR2,50.2548,-4.95032,9,7.0,England,76.0
TR20,50.1318,-5.4882,10,7.0,England,9.0
TR23,49.9536,-6.35265,1,1.0,England,17.0
TR25,49.9643,-6.29339,2,2.0,England,19.0
TR26,50.2048,-5.49717,1,1.0,England,112.0
TR27,50.1831,-5.40362,11,11.0,England,61.0
TR3,50.2175,-5.11231,4,2.0,England,49.0
TR4,50.2775,-5.10165,2,2.0,England,87.0
TR8,50.4013,-5.04011,2,1.0,England,73.0
TR9,50.4135,-4.93528,1,1.0,England,92.0
TS12,54.5629,-0.967227,1,0.0,England,86.0
TW9,51.4696,-0.292511,1,0.0,England,9.0
WA11,53.4782,-2.71981,12,9.0,England,51.0
WA13,53.3823,-2.4696,2,2.0,England,26.0
WA14,53.3878,-2.36091,1,1.0,England,60.0
WA3,53.4566,-2.54805,1,1.0,England,37.0
WA4,53.3649,-2.57585,5,5.0,England,39.0
WA6,53.2726,-2.72476,3,0.0,England,133.0
WA7,53.3307,-2.70325,9,9.0,England,64.0
WA8,53.373,-2.74154,1,1.0,England,20.0
WF9,53.6064,-1.32158,1,1.0,England,53.0
WN6,53.5754,-2.67154,3,3.0,England,85.0
WN8,53.5533,-2.76992,7,6.0,England,68.0
WR12,52.0405,-1.86965,1,1.0,England,80.0
WR15,52.3055,-2.56994,1,1.0,England,103.0
WR6,52.2301,-2.382,1,1.0,England,49.0
WS1,52.5794,-1.97842,1,1.0,England,155.0
WS13,52.6935,-1.81746,5,4.0,England,79.0
WS14,52.6645,-1.81675,7,4.0,England,83.0
WS15,52.7585,-1.91716,14,10.0,England,68.0
WS6,52.6586,-2.02326,1,1.0,England,139.0
WS8,52.6474,-1.93313,1,1.0,England,148.0
WS9,52.61,-1.91846,1,1.0,England,160.0
WV15,52.515,-2.37435,7,6.0,England,82.0
WV16,52.5091,-2.44123,8,6.0,England,124.0
WV5,52.5342,-2.21087,3,2.0,England,81.0
WV6,52.5967,-2.1831,7,6.0,England,137.0
WV7,52.6355,-2.27901,5,4.0,England,95.0
WV8,52.6259,-2.18753,5,4.0,England,120.0
WV9,52.6379,-2.14365,1,1.0,England,105.0
YO10,53.9505,-1.05717,1,1.0,England,32.0
YO11,54.2634,-0.396442,1,1.0,England,92.0
YO13,54.2874,-0.498281,3,3.0,England,154.0
YO14,54.198,-0.298355,1,1.0,England,35.0
YO15,54.0944,-0.177843,1,1.0,England,20.0
YO17,54.1367,-0.757727,5,2.0,England,21.0
YO18,54.2586,-0.768944,1,1.0,England,57.0
YO19,53.9065,-1.02077,5,5.0,England,8.0
YO25,54.0046,-0.416328,13,11.0,England,13.0
YO26,53.976,-1.18039,2,2.0,England,13.0
YO32,54.0124,-1.05937,1,1.0,England,16.0
YO41,53.9705,-0.900537,9,7.0,England,19.0
YO42,53.9241,-0.790149,6,5.0,England,26.0
YO43,53.8493,-0.684918,9,9.0,England,14.0
YO60,54.0861,-0.938863,5,4.0,England,27.0
YO61,54.1175,-1.19614,8,5.0,England,30.0
YO62,54.2465,-0.993776,9,5.0,England,54.0
YO7,54.2242,-1.35224,8,3.0,England,33.0
YO8,53.7812,-1.06047,8,5.0,England,5.0
ZE2,60.3123,-1.22742,2,2.0,Scotland,178.0
