id,name,wmo,icao,lat,lon,elev,start,end
03003,Sumburgh Cape,03003,EGPB,59.8833,-1.3,5,1977-01-19,2026-03-10
03017,Kirkwall Airport,03017,EGPA,58.95,-2.9,21,1973-01-01,2026-03-10
03022,Benbecula,03022,EGPL,57.4667,-7.3667,6,1973-01-01,2026-03-10
03026,Stornoway,03026,EGPO,58.2167,-6.3167,9,1929-10-01,2026-03-10
03059,Inverness / Dalcross,03059,EGPE,57.5333,-4.05,9,1973-01-02,2026-03-10
03062,Tain Range,03062,EGQA,57.8167,-3.9667,4,1989-10-23,2026-03-10
03066,Kinloss,03066,EGQK,57.65,-3.5667,7,1973-01-01,2026-03-10
03068,Lossiemouth,03068,EGQS,57.7167,-3.3167,13,1973-01-03,2026-03-10
03075,Wick,03075,EGPC,58.45,-3.0833,39,1929-10-01,2026-03-10
03091,Aberdeen / Dyce,03091,EGPD,57.2,-2.2167,65,1926-06-02,2026-03-10
03100,Tiree,03100,EGPU,56.5,-6.8833,12,1929-10-01,2026-03-10
03111,Machrihanish,03111,EGQJ,55.4333,-5.7,13,1973-01-01,2025-03-23
03132,West Freugh,03132,EGOY,54.85,-4.95,11,1983-08-04,2026-03-10
03135,Prestwick Airport,03135,EGPK,55.5,-4.5833,20,1944-01-01,2026-03-10
03140,Glasgow Airport,03140,EGPF,55.8667,-4.4333,8,1929-10-01,2026-03-10
03160,Edinburgh Airport,03160,EGPH,55.95,-3.35,41,1973-01-01,2026-03-10
03163,Dundee / Invergowrie / Balmerino / Wormit,03163,EGPN,56.45,-3.0167,4,1983-04-04,2026-03-09
03165,Spadeadam,03165,EGOM,55.05,-2.55,325,1992-09-11,2026-03-10
03171,Leuchars,03171,EGQL,56.3833,-2.8667,12,1929-10-01,2026-03-10
03204,Isle of Man / Ronaldsway Airport,03204,EGNS,54.0833,-4.6333,17,1973-01-01,2026-03-10
03214,Walney Island,03214,EGNL,54.1167,-3.25,15,1983-08-04,2025-03-23
03222,Carlisle,03222,EGNC,54.9333,-2.95,26,1973-01-01,2020-03-27
03240,Boulmer,03240,EGQM,55.4167,-1.6,23,1975-10-01,2026-03-10
03243,Newcastle / Dinnington / Ponteland / Hazlerigg,03243,EGNT,55.0333,-1.7,81,1988-01-05,2026-03-10
03257,Leeming,03257,EGXE,54.3,-1.5333,40,1973-01-01,2026-03-10
03263,Durham Tees Valley / Long Newton,03263,EGNV,54.5167,-1.4167,37,1973-01-01,2026-03-10
03264,Topcliffe / Dalton,03264,EGXZ,54.2,-1.3833,28,1994-07-20,2026-03-10
03266,Linton-On-Ouse,03266,EGXU,54.05,-1.25,16,1973-01-01,2022-07-04
03302,Valley,03302,EGOV,53.25,-4.5333,1,1926-06-06,2026-03-10
03318,Blackpool Airport,03318,EGNH,53.7667,-3.0333,10,1973-01-01,2026-03-09
03321,Hawarden,03321,EGNR,53.1667,-2.9833,10,1985-09-04,2026-03-10
03334,Manchester Airport,03334,EGCC,53.35,-2.2833,69,1933-09-30,2026-03-10
03372,Barkston Heath / Honington / Welby,03372,EGYE,52.9667,-0.5667,112,1995-11-29,2026-03-10
03373,Scampton,03373,EGXP,53.3069,-0.5481,62,1973-01-01,2022-11-01
03377,Waddington,03377,EGXW,53.1667,-0.5167,68,1950-09-26,2026-03-10
03379,Cranwell,03379,EGYD,53.0333,-0.5,67,1929-08-01,2026-03-10
03384,Leconfield,03384,EGXV,53.8667,-0.4333,6,1981-01-12,2026-03-10
03391,Coningsby Royal Air Force Base,03391,EGXC,53.0833,-0.1667,7,1943-08-30,2026-03-10
03392,Wainfleet,03392,EGYW,53.0833,0.2667,3,1984-06-14,2025-03-23
03414,Shawbury,03414,EGOS,52.8,-2.6667,76,1973-01-01,2026-03-10
03416,Burnhill Green,03416,EGWC,52.63,-2.3,83,1994-08-31,2026-03-10
03462,Wittering,03462,EGXT,52.6167,-0.4667,84,1973-03-01,2026-03-10
03469,Holbeach,03469,EGYH,52.8667,0.15,3,1985-12-01,2026-03-10
03482,Marham,03482,EGYM,52.65,0.5667,23,1949-04-01,2026-03-10
03492,Norwich Weather Centre,03492,EGSH,52.6333,1.3,14,1987-12-02,2026-03-10
03502,Aberporth,03502,EGUC,52.1333,-4.5667,133,1973-01-01,2026-03-10
03534,Birmingham / Airport,03534,EGBB,52.45,-1.7333,99,1973-01-01,2026-03-10
03577,Mildenhall Royal Air Force Base,03577,EGUN,52.3667,0.4833,10,1999-01-01,2026-03-10
03583,Lakenheath Royal Air Force Base,03583,EGUL,52.4167,0.5667,10,1999-01-02,2026-03-10
03590,Wattisham,03590,EGUW,52.1167,0.9667,87,1973-01-01,2026-03-10
03605,Pembrey Sands,03605,EGOP,51.7167,-4.3667,3,1993-03-01,2026-03-10
03644,Fairford Royal Air Force Base,03644,EGVA,51.6833,-1.7833,87,1952-06-10,2026-03-10
03649,Brize Norton,03649,EGVN,51.75,-1.5833,88,1951-08-01,2026-03-10
03658,Benson,03658,EGUB,51.6167,-1.0833,63,1973-01-01,2026-03-10
03672,Northolt,03672,EGWU,51.55,-0.4167,38,1973-01-01,2026-03-10
03673,London / Chiltern Green / Newmill End / Stopsley / Lilley,03673,EGGW,51.8667,-0.3667,160,1988-01-05,2026-03-10
03683,Stansted Airport,03683,EGSS,51.8833,0.2333,106,1973-01-01,2026-03-10
03691,Southend-On-Sea / Sutton / Prittlewell / Rochford,03691,EGMC,51.5667,0.7,15,1988-01-05,2026-03-09
03707,Chivenor,03707,EGDC,51.0833,-4.15,8,1973-01-01,2025-03-24
03715,Cardiff-Wales Airport,03715,EGFF,51.4,-3.35,67,1973-01-01,2026-03-10
03716,St. Athan / Stathan [MISSPELLING] / Boverton,03716,EGDX,51.4053,-3.4408,50,2001-07-06,2025-03-24
03724,Lulsgate Bottom,03724,EGGD,51.38,-2.72,189,1988-01-05,2026-03-10
03740,Lyneham,03740,EGDL,51.5,-1.9833,145,1973-01-01,2026-03-10
03746,Boscombe Down,03746,EGDM,51.1667,-1.75,124,1931-01-01,2026-03-10
03749,Middle Wallop,03749,EGVP,51.15,-1.5667,91,1973-08-09,2026-03-10
03761,Odiham,03761,EGVO,51.2333,-0.95,123,1973-01-01,2026-03-10
03763,Bracknell / Beaufort Park,03763,EGRR,51.3833,-0.7833,74,1973-01-01,2023-01-31
03768,Farnborough,03768,EGLF,51.2833,-0.7667,65,1988-05-01,2026-03-10
03772,London Heathrow Airport,03772,EGLL,51.4833,-0.45,24,1948-12-01,2026-03-10
03776,London Gatwick Airport,03776,EGKK,51.15,-0.1833,62,1973-01-01,2026-03-10
03801,Manston,03801,EGMH,51.34,1.34,55,1930-02-28,2025-03-24
03803,"Scilly, Saint Mary'S",03803,EGHE,49.9167,-6.3,31,1986-01-01,2026-03-09
03809,Culdrose,03809,EGDR,50.0833,-5.25,78,1973-01-01,2026-03-10
03827,Plymouth,03827,EGDB,50.35,-4.1167,50,1973-01-01,2026-03-10
03839,Exeter Airport,03839,EGTE,50.7333,-3.4167,30,1973-01-01,2026-03-09
03853,Yeovilton,03853,EGDY,51.0,-2.6333,23,1973-01-01,2026-03-10
03862,Bournemouth Airport,03862,EGHH,50.7833,-1.8333,11,1973-01-01,2026-03-09
03865,Southampton / Weather Centre,03865,EGHI,50.9,-1.4,9,1973-01-01,2026-03-10
03876,Shoreham Airport,03876,EGKA,50.8333,-0.2833,2,1986-12-01,2026-03-09
03891,Alderney / Butes / Newtown,03891,EGJA,49.7167,-2.2,71,1987-06-29,2026-03-09
03894,Guernsey Airport,03894,EGJB,49.4333,-2.6,102,1929-10-01,2026-03-10
03895,Jersey Airport,03895,EGJJ,49.2167,-2.2,84,1973-01-01,2026-03-10
03917,Belfast / Aldergrove Airport,03917,EGAA,54.65,-6.2167,81,1930-02-28,2026-03-10
03924,Belfast / Harbour,03924,EGAC,54.6,-5.8833,5,1973-01-01,2026-03-10
EGAE0,Eglinton / Greysteel,,EGAE,55.05,-7.15,9,1990-04-24,2026-03-09
EGBJ0,Gloucestershire / Staverton,,EGBJ,51.9,-2.1667,29,1977-10-01,2026-03-09
EGEO0,Oban / Connel,,EGEO,56.4635,-5.3997,6,1978-09-02,2026-03-09
EGHC0,Land's End / Lands End / Crows-an-Wra,,EGHC,50.1028,-5.6706,122,1973-03-08,2026-03-09
EGKB0,Biggin Hill / berry's green,,EGKB,51.3167,0.0333,183,1988-01-05,2026-03-10
EGLC0,London / Abbey Wood,,EGLC,51.5,0.1167,5,1988-01-29,2026-03-10
EGNJ0,Humberside / Kirmington,,EGNJ,53.5833,-0.35,31,1975-01-09,2026-03-10
EGNM0,Leeds And Bradford / Yeadon,,EGNM,53.8667,-1.65,208,1988-01-05,2026-03-09
EGNX0,East Midlands / Castle Donington,,EGNX,52.8333,-1.3333,94,1973-01-01,2026-03-10
EGPI0,Islay / Kintra,,EGPI,55.6833,-6.25,18,2004-05-10,2026-03-10
EGPM0,Scatsa / Scatsta / Brae,,EGPM,60.4333,-1.3,22,1981-10-15,2020-07-01
EGPW0,Unst Island / Baltasound,,EGPW,60.7333,-0.8167,285,1973-01-01,2025-05-13
EGSC0,Cambridge / Teversham,,EGSC,52.2,0.1833,15,1977-02-01,2026-03-09
EGTC0,Cranfield,,EGTC,52.0667,-0.6167,111,1990-02-08,2026-03-09
EGUO0,Colerne,,EGUO,51.4391,-2.2864,180,1942-04-28,2024-01-24
EGXS0,Donna Nook / Donnanook / North Somercotes,,EGXS,53.4749,0.1521,3,2011-05-12,2026-03-10
